brand_id,campaign_id,sku
acme_apparel,m_1001,TEE-BLK-M
acme_apparel,m_1001,SHORT-KHA-32
acme_apparel,m_1001,SOCK-3PK
acme_apparel,m_1002,HOOD-GRY-L
acme_apparel,m_1002,JEAN-IND-32
acme_apparel,m_1003,TEE-WHT-M
acme_apparel,m_1003,CAP-NVY
acme_apparel,m_1003,DRESS-RED-S
acme_apparel,g_2001,JEAN-IND-34
acme_apparel,g_2001,BELT-BRN
acme_apparel,g_2002,JKT-OLV-M
acme_apparel,g_2002,TEE-BLK-L
bloom_skin,m_1001,SERUM-VITC-30
bloom_skin,m_1001,CLEANSE-GEL-150
bloom_skin,m_1001,LIP-BLM-10
bloom_skin,m_1002,MOIST-DAY-50
bloom_skin,m_1002,MOIST-NGT-50
bloom_skin,m_1003,SPF-50-50
bloom_skin,m_1003,MASK-CLAY-100
bloom_skin,m_1003,SCRUB-SUG-200
bloom_skin,g_2001,SERUM-RET-30
bloom_skin,g_2001,TONER-ROSE-200
bloom_skin,g_2002,EYE-CRM-15
bloom_skin,g_2002,OIL-ARG-30
